id,nome,orgao_superior
"-9","NÃO SE APLICA","-9"
"-8","NÃO INFORMADO","-8"
"-7","INVÁLIDO","-7"
"1000","CAMARA DOS DEPUTADOS","1000"
"1901","FUNDO ROTATIVO DA CAMARA DOS DEPUTADOS","1000"
"2000","SENADO FEDERAL","2000"
"2001","FUNDO ESPECIAL DO SENADO FEDERAL","2000"
"2002","SENADO FEDERAL/FUNSEEP","2000"
"2003","FUNDO DA SECRETARIA ESPECIAL DE INFORMATICA","2000"
"3000","TRIBUNAL DE CONTAS DA UNIAO","3000"
"10000","SUPREMO TRIBUNAL FEDERAL","10000"
"11000","SUPERIOR TRIBUNAL DE JUSTICA","11000"
"12000","JUSTICA FEDERAL","12000"
"12800","JUSTICA FEDERAL","12000"
"12801","TRIBUNAL REGIONAL FEDERAL - 1A REGIAO","12000"
"12802","TRIBUNAL REGIONAL FEDERAL - 2A REGIAO","12000"
"12803","TRIBUNAL REGIONAL FEDERAL - 3A REGIAO","12000"
"12804","TRIBUNAL REGIONAL FEDERAL - 4A REGIAO","12000"
"12805","TRIBUNAL REGIONAL FEDERAL - 5A REGIAO","12000"
"13000","JUSTICA MILITAR","13000"
"14000","JUSTICA ELEITORAL","14000"
"14001","FUNDO ESPECIAL DE ASSIST.FINANC.PART.POLITICO","14000"
"14105","TRIBUNAL REGIONAL ELEITORAL DA BAHIA","14000"
"14109","TRIBUNAL REGIONAL ELEITORAL DE GOIAS","14000"
"14113","TRIBUNAL REGIONAL ELEITORAL DE MINAS GERAIS","14000"
"14126","TRIBUNAL REGIONAL ELEITORAL DE TOCANTINS","14000"
"15000","JUSTICA DO TRABALHO","15000"
"16000","JUSTICA DO DISTRITO FEDERAL E DOS TERRITORIOS","16000"
"17000","CONSELHO NACIONAL DE JUSTIÇA","17000"
"20000","PRESIDENCIA DA REPÚBLICA","20000"
"20101","PRESIDÊNCIA DA REPÚBLICA","20101"
"20102","GABINETE DA VICE-PRESIDENCIA DA REPUBLICA","20116"
"20103","MINISTERIO ADM.FED.REFORMA ESTADO-EM EXTINCAO","20103"
"20104","SECRETARIA DE ASSUNTOS ESTRATEGICOS","20116"
"20105","GABINETE DA VICE-PRESIDENCIA DA REPUBLICA","20116"
"20113","MINISTERIO DO PLANEJAMENTO,ORCAMENTO E GESTAO","20113"
"20114","ADVOCACIA-GERAL DA UNIAO","20000"
"20115","SECRETARIA ESPECIAL DE POLITICAS REGIONAIS","20101"
"20116","FUNDO DE IMPRENSA NACIONAL","20116"
"20117","Fundo Nacional Antidrogas","20000"
"20121","SECRETARIA DE DIREITOS HUMANOS DA PRESIDÊNCIA DA REPÚBLICA","20000"
"20122","SECRETARIA ESPECIAL DE POLÍTICAS PARA AS MULHERES","20000"
"20125","CONTROLADORIA-GERAL DA UNIAO","20125"
"20126","SECRETARIA DE POLÍTICAS DE PROMOÇÃO DA IGUALDADE RACIAL","20000"
"20128","SECRETARIA ESPECIAL DE PORTOS/PR","20116"
"20202","FUNDACAO ESCOLA NACIONAL DE ADM. PUBLICA","20113"
"20203","AGENCIA NACIONAL DO CINEMA","42000"
"20214","AGÊNCIA NACIONAL DE AVIAÇÃO CIVIL","20000"
"20301","COMISSAO NACIONAL DE ENERGIA NUCLEAR","24000"
"20302","NUCLEBRAS EQUIPAMENTOS PESADOS S/A","24000"
"20303","INDUSTRIAS NUCLEARES DO BRASIL S/A","24000"
"20402","AGENCIA ESPACIAL BRASILEIRA - AEB","24000"
"20403","FUNDACAO CASA DE RUI BARBOSA","42000"
"20404","FUNDACAO BIBLIOTECA NACIONAL","42000"
"20407","FUNDACAO DO CINEMA BRASILEIRO","42000"
"20408","FUNDACAO CULTURAL PALMARES","42000"
"20410","NÃO INFORMADO","20410"
"20411","INSTITUTO DO PATRIMONIO HIST. E ART. NACIONAL","42000"
"20412","FUNDACAO NACIONAL DE ARTES","42000"
"20415","EMPRESA BRASIL DE COMUNICACAO","20000"
"20501","CONSELHO NACIONAL DE DES.CIENT.E TECNOLOGICO","24000"
"20502","FINANCIADORA DE ESTUDOS E PROJETOS","24000"
"20503","FUNDACAO CENTRO TECNOLOGICO PARA INFORMATICA","24000"
"20601","SUPERINTENDENCIA DO DESENVOLV. DO NORDESTE","53000"
"20602","SUPERINTENDENCIA DO DESENVOLV. DA AMAZONIA","53000"
"20603","SUPERINTENDENCIA DA ZONA FRANCA DE MANAUS","28000"
"20604","INSTITUTO BRASILEIRO DE TURISMO","54000"
"20605","COMPANHIA DE DESENVOLVIMENTO DE BARCARENA","44000"
"20701","INST.BRAS.DO MEIO AMB.E DOS REC.NAT.RENOVAV.","44000"
"20801","SECRETARIA DE PATRIMONIO DA UNIAO/MP","20113"
"20802","SUBSECRETARIA DE PLANEJ.,ORCAMENTO E ADM./MP","20113"
"20924","FUNDO NACIONAL DE DESENVOLVIMENTO","28000"
"20928","Fundo Nacional para a Crinaca e o Adolescente","20000"
"20930","SECRETARIA DE AVIAÇÃO CIVIL","20000"
"22000","MINIST. DA AGRICUL.,PECUARIA E ABASTECIMENTO","22000"
"22201","INSTIT. NAC. DE COLONIZACAO E REFORMA AGRARIA","22201"
"22202","EMPRESA BRASILEIRA DE PESQUISA AGROPECUARIA","22000"
"22203","COMPANHIA DE DESENV. DO VALE DO SAO FRANCISCO","53000"
"22204","DEPARTAMENTO NAC.DE OBRAS CONTRA AS SECAS","53000"
"22207","COMPANHIA DE COLONIZACAO DO NORDESTE","22201"
"22211","COMPANHIA NACIONAL DE ABASTECIMENTO","22000"
"22500","CIA.DE ENTREPOSTOS E ARMAZENS GER.DE S.PAULO","22000"
"22801","COMIS.EXEC.DO PLANO DA LAVOURA CACAUEIRA/MAPA","22000"
"22802","INSTITUTO NACIONAL DE METEOROLOGIA/MAPA","22000"
"22803","SECRETARIA NAC. DE DEFESA AGROPECUARIA/MAPA","22000"
"22804","SUBSECRETARIA DE PLANEJ.,ORCAM.E ADM./MAPA","22000"
"22805","FUNDO GERAL DO CACAU/MAPA","22000"
"22806","SECRET.DE DESENV.AGROPEC.E COOPERATIVISMO","22000"
"22905","FUNDO DE DEFESA DA ECONOMIA CAFEEIRA","22000"
"23000","MINISTERIO DO BEM-ESTAR SOCIAL-EM EXTINCAO","23000"
"23201","FUND.CENTRO BRAS.INF.ADOLESCENCIA-EM EXTINCAO","20113"
"23202","FUNDACAO LEGIAO BRAS.ASSISTENCIA-EM EXTINCAO","33000"
"24000","MINISTERIO DA CIENCIA, TECNOLOGIA E INOVACAO","24000"
"24208","INSTITUTO NAC.DE TECNOLOGIA DA INFORMACAO-ITI","20000"
"24209","CENTRO NAC DE TECN ELETRONICA AVANCADA S/A","24209"
"24801","INSTITUTO NACIONAL DE PESQUISAS ESPACIAIS/MCT","24000"
"24802","SUBSECRETARIA DE PLANEJ.,ORCAMENTO E ADM./MCT","24000"
"24803","FINANCIADORA DE ESTUDOS E PROJETOS","24000"
"24901","FUNDO NAC.DE DESENV. CIENTIFICO E TECNOLOGICO","24000"
"25000","MINISTERIO DA FAZENDA","25000"
"25001","FUNDO ESP.DES. APERF.DAS ATIV.DE FISCALIZACAO","25000"
"25002","FUNDO ESP. DE TREINAMENTO E DESENVOLVIMENTO","25000"
"25201","BANCO CENTRAL DO BRASIL-ORC.FISCAL/SEG.SOCIAL","25000"
"25203","COMISSAO DE VALORES MOBILIARIOS","25000"
"25205","FUND.INST.BRASILEIRO DE GEOG.E ESTATISTICA","20113"
"25206","INSTITUTO DE PESQUISA ECONOMICA APLICADA","20000"
"25207","SERVICO FEDERAL DE PROCESSAMENTO DE DADOS","25000"
"25208","SUPERINTENDENCIA DE SEGUROS PRIVADOS","25000"
"25209","SUPERINTENDENCIA NAC.ABASTECIMENTO-EM EXTINCA","25000"
"25211","CASA DA MOEDA DO BRASIL","25000"
"25220","CAIXA ECONOMICA FEDERAL","25000"
"25280","BANCO CENTRAL DO BRASIL","25000"
"25281","BANCO DO BRASIL S/A","25000"
"25282","BANCO DO NORDESTE DO BRASIL","25000"
"25301","EMPRESA GESTORA DE ATIVOS","25000"
"25801","RECEITA FEDERAL DO BRASIL","25000"
"25802","ESCOLA DE ADMINISTRACAO FAZENDARIA/MF","25000"
"25803","PROCURADORIA-GERAL DA FAZENDA NACIONAL","25000"
"25804","SUBSECRET.DE PLANEJ.,ORCAMENTO E ADM. ± SPOA","25000"
"25805","SECRETARIA DO TESOURO NACIONAL - STN","25000"
"25806","SECRETARIA DE ACOMPANHAMENTO ECONOMICO","25000"
"25901","FUNDO DE COMPENSACAO E VARIACOES SALARIAIS","25000"
"25902","FUNDO DE INVESTIMENTO DO NORDESTE","53000"
"25903","FUNDO DE INVESTIMENTO DA AMAZONIA","53000"
"25904","FUNDO DE ESTABILIDADE DO SEGURO RURAL","25000"
"25905","FUNDO DE APOIO AO DESENVOLVIMENTO SOCIAL","25000"
"25907","FUNDO CONST.DE FINANCIAMENTO-FNO - INTEGRACAO","25000"
"25908","FUNDO CONSTIT.FINANC.CENTO-OESTE-FCO-INTEG.","25000"
"25910","FUNDO CONSTIT.FINANC.DO NORDESTE-FNE-INTEG.","25000"
"25914","FUNDO DE GARANTIA A EXPORTACAO","25000"
"25915","FUNDO CONSTITUCIONAL DO DISTRITO FEDERAL","25000"
"25916","FUNDO CONTIGENTE DA EXTINTA RFFSA-FCMP.","25000"
"25917","FUNDO PAGTO. PREST. PERDA RENDA DESEMP. INVAL","25000"
"26000","MINISTERIO DA EDUCACAO","26000"
"26101","FUNDO DE FINANC. AO ESTUDANTE DO ENS.SUPERIOR","26000"
"26201","COLEGIO PEDRO II","26000"
"26202","CENTRO FEDERAL DE EDUCACAO TECNOL.DE ALAGOAS","26000"
"26203","CENTRO FEDERAL DE ED.TECNOLOGICA DO AMAZONAS","26000"
"26204","ESCOLA TECNICA FEDERAL DA BAHIA","26000"
"26205","CENTRO FED. DE EDUCACAO TECNOLOGICA DE CAMPOS","26000"
"26206","CENTRO FEDERAL DE EDUCACAO TECNOL.DO CEARA","26000"
"26207","CENTRO FED.DE EDUC.TECNOLOGICA DO ESPIR.SANTO","26000"
"26208","CENTRO FED. DE EDUCACAO TECNOLOGICA DE GOIAS","26000"
"26209","CENTRO FEDERAL DE EDUCACAO TECNOL.DO MARANHAO","26000"
"26210","CENTRO FEDERAL DE EDUC.TECNOL.DO M. GROSSO","26000"
"26211","CENTRO FEDERAL DE EDUC. TECNOL. DE OURO PRETO","26000"
"26212","CENTRO FEDERAL DE EDUCACAO TECNOL.DO PARA","26000"
"26213","CENTRO FEDERAL DE EDUCACAO TECNOL.DA PARAIBA","26000"
"26214","CENTRO FEDERAL DE EDUCACAO TECNOL.DE PELOTAS","26000"
"26215","CENTRO FED.DE EDUC. TECNOLOGICA DE PERNAMBUCO","26000"
"26216","CENTRO FED. DE EDUC. TECNOLOG. DO PIAUI-CEFET","26000"
"26217","CENT.FED.DE EDUC.TECNOL.DE QUIMICA-NILOP./RJ","26000"
"26218","CENTRO FEDERAL DE EDUCACAO TECNOL.DO RN","26000"
"26219","CENTRO FED.DE EDUC.TECNOLOGICA DE S.CATARINA","26000"
"26220","CENTRO FEDERAL DE EDUCACAO TECNOL DE S.PAULO","26000"
"26221","CENTRO FEDERAL DE EDUCACAO TEC. DE SERGIPE","26000"
"26222","CENTRO FED.DE EDUC. TECNOLOGIA DE RORAIMA","26000"
"26223","ESCOLA TECNICA  FEDERAL DE PALMAS - TO","26000"
"26224","ESCOLA TECNICA FEDERAL DE RONDONIA","26000"
"26230","FUND.UNIVERSIDADE FEDERAL VALE SAO FRANCISCO","26000"
"26231","UNIVERSIDADE FEDERAL DE ALAGOAS","26000"
"26232","UNIVERSIDADE FEDERAL DA BAHIA","26000"
"26233","UNIVERSIDADE FEDERAL DO CEARA","26000"
"26234","UNIVERSIDADE FEDERAL DO ESPIRITO SANTO","26000"
"26235","UNIVERSIDADE FEDERAL DE GOIAS","26000"
"26236","UNIVERSIDADE FEDERAL FLUMINENSE","26000"
"26237","UNIVERSIDADE FEDERAL DE JUIZ DE FORA","26000"
"26238","UNIVERSIDADE FEDERAL DE MINAS GERAIS","26000"
"26239","UNIVERSIDADE FEDERAL DO PARA","26000"
"26240","UNIVERSIDADE FEDERAL DA PARAIBA","26000"
"26241","UNIVERSIDADE FEDERAL DO PARANA","26000"
"26242","UNIVERSIDADE FEDERAL DE PERNAMBUCO","26000"
"26243","UNIVERSIDADE FEDERAL DO RIO GRANDE DO NORTE","26000"
"26244","UNIVERSIDADE FEDERAL DO RIO GRANDE DO SUL","26000"
"26245","UNIVERSIDADE FEDERAL DO RIO DE JANEIRO","26000"
"26246","UNIVERSIDADE FEDERAL DE SANTA CATARINA","26000"
"26247","UNIVERSIDADE FEDERAL DE SANTA MARIA","26000"
"26248","UNIVERSIDADE FEDERAL RURAL DE PERNAMBUCO","26000"
"26249","UNIVERSIDADE FEDERAL RURAL DO RIO DE JANEIRO","26000"
"26250","UNIVERSIDADE FEDERAL DE RORAIMA","26000"
"26251","FUNDACAO UNIVERSIDADE FEDERAL DO TOCANTINS","26000"
"26252","UNIVERSIDADE FEDERAL DE CAMPINA GRANDE","26000"
"26253","UNIVERSIDADE FEDERAL RURAL DA AMAZONIA","26000"
"26254","UNIVERSIDADE FEDERAL DO TRIANGULO MINEIRO","26000"
"26255","UNIVERSIDADE FED.VALES JEQUITINHONHA E MUCURI","26000"
"26256","CENTRO FED.EDUC.TECN.CELSO SUCKOW DA FONSECA","26000"
"26257","CENTRO FEDERAL DE EDUCACAO TECNOLOGICA DE MG","26000"
"26258","UNIVERSIDADE TECNOLOGICA FEDERAL DO PARANA","26000"
"26259","CENTRO DE EDUCACAO TECNOLOGICA DA BAHIA","26000"
"26260","UNIVERSIDADE FEDERAL DE ALFENAS","26000"
"26261","UNIVERSIDADE FEDERAL DE ITAJUBA","26000"
"26262","UNIVERSIDADE FEDERAL DE SAO PAULO","26000"
"26263","UNIVERSIDADE FEDERAL DE LAVRAS","26000"
"26264","UNIVERSIDADE FEDERAL RURAL DO SEMI-ARIDO/RN","26000"
"26266","FUNDACAO UNIVERSIDADE FEDERAL DO PAMPA","26000"
"26267","UNIVERSIDADE FED. DA INTEGR.LATINO-AMERICANA","26000"
"26268","FUNDACAO UNIVERSIDADE FEDERAL DE RONDONIA","26000"
"26269","FUNDACAO UNIVERSIDADE DO RIO DE JANEIRO","26000"
"26270","FUNDACAO UNIVERSIDADE DO AMAZONAS","26000"
"26271","FUNDACAO UNIVERSIDADE DE BRASILIA","26000"
"26272","FUNDACAO UNIVERSIDADE DO MARANHAO","26000"
"26273","FUNDACAO UNIVERSIDADE DO RIO GRANDE - RS","26000"
"26274","FUNDACAO UNIVERSIDADE FEDERAL DE UBERLANDIA","26000"
"26275","FUNDACAO UNIVERSIDADE FEDERAL DO ACRE","26000"
"26276","FUNDACAO UNIVERSIDADE FEDERAL DE MATO GROSSO","26000"
"26277","UNIVERSIDADE FEDERAL DE OURO PRETO","26000"
"26278","FUNDACAO UNIVERSIDADE FEDERAL DE PELOTAS","26000"
"26279","FUNDACAO UNIVERSIDADE FEDERAL DO PIAUI","26000"
"26280","FUNDACAO UNIVERSIDADE FEDERAL DE SAO CARLOS","26000"
"26281","FUNDACAO UNIVERSIDADE FEDERAL DE SERGIPE","26000"
"26282","UNIVERSIDADE FEDERAL DE VICOSA","26000"
"26283","FUNDACAO UNIVERSIDADE FEDERAL DE MATO G. SUL","26000"
"26284","FUNDACAO UNIVERSIDADE FEDERAL DE CIENCIAS DA SAUDE DE PORTO ALEGRE","26000"
"26285","FUNDACAO UNIVERSIDADE FEDERAL DE S.J.DEL-REI","26000"
"26286","FUNDACAO UNIVERSIDADE FEDERAL DO AMAPA","26000"
"26287","ESCOLA AGROTECNICA FEDERAL DE MARABA","26287"
"26288","ESCOLA AGROTECNICA FEDERAL DE NOVA ANDRADINA","26288"
"26289","ESCOLA AGROT.FED.DE S.RAIMUN.DAS MANGABEIRAS","26289"
"26290","INST.NACIONAL DE EST.E PESQUISAS EDUCACIONAIS","26000"
"26291","FUND.COORD.DE APERF.DE PESSOAL NIVEL SUPERIOR","26000"
"26292","FUNDACAO JOAQUIM NABUCO","26000"
"26293","FUNDACAO ROQUETTE PINTO - EM EXTINCAO","20113"
"26294","HOSPITAL DE CLINICAS DE PORTO ALEGRE","26000"
"26295","INSTITUTO NACIONAL DE DESENVOLV.DO DESPORTO","51000"
"26298","FUNDO NACIONAL DE DESENVOLVIMENTO DA EDUCACAO","26000"
"26301","CENTRO FEDERAL DE EDUCAC.TECNOLOGICA DA BAHIA","26000"
"26302","ESCOLA AGROTECNICA FEDERAL DE ALEGRE","26000"
"26303","ESCOLA AGROTECNICA FEDERAL DE ALEGRETE","26000"
"26304","ESCOLA AGROTECNICA FEDERAL DE ARAGUATINS","26000"
"26305","CENTRO FEDERAL DE EDUCACAO TECNOL. DE BAMBUI","26000"
"26306","ESCOLA AGROTECNICA FEDERAL DE BARBACENA","26000"
"26307","ESCOLA AGROTECNICA FEDERAL DE BARREIROS","26000"
"26308","ESCOLA AGROTECNICA FEDERAL DE BELO JARDIM","26000"
"26309","CENTRO FEDERAL DE EDUCACAO TEC.DE B.GONCALVES","26000"
"26310","ESCOLA AGROTECNICA FEDERAL DE CACERES","26000"
"26311","ESCOLA AGROTECNICA FEDERAL DE CASTANHAL","26000"
"26312","ESCOLA AGROTECNICA FEDERAL DE CATU","26000"
"26313","ESCOLA AGROTECNICA FEDERAL DE COLATINA","26000"
"26314","ESCOLA AGROTECNICA FEDERAL DE CONCORDIA","26000"
"26315","ESCOLA AGROTECNICA FEDERAL DE CRATO","26000"
"26316","ESCOLA AGROTECNICA FEDERAL DE CUIABA","26000"
"26317","ESCOLA AGROTECNICA FEDERAL DE IGUATU","26000"
"26318","ESCOLA AGROTECNICA FEDERAL DE INCONFIDENTES","26000"
"26319","CENTRO FEDERAL DE EDUCACAO TECNOL.DE JANUARIA","26000"
"26320","ESCOLA AGROTECNICA FEDERAL DE MACHADO","26000"
"26321","ESCOLA AGROTECNICA FEDERAL DE MANAUS","26000"
"26322","ESCOLA AGROTECNICA FEDERAL DE MUZAMBINHO","26000"
"26323","CENTRO FED. DE EDUC. TECNOLOGICA DE PETROLINA","26000"
"26324","CENTRO FEDERAL DE EDUCACAO TECNOLOG.RIO POMBA","26000"
"26325","CENTRO FEDERAL DE EDUCACAO TEC. DE RIO VERDE","26000"
"26326","ESCOLA AGROTECNICA FEDERAL DE SALINAS","26000"
"26327","ESCOLA AGROTECNICA FEDERAL DE SANTA TERESA","26000"
"26328","ESCOLA AGROTECNICA FEDERAL DE SAO CRISTOVAO","26000"
"26329","ESCOLA AGROTECNICA FEDERAL DE S.J.EVANGELISTA","26000"
"26330","ESCOLA AGROTECNICA FEDERAL DE SAO LUIS","26000"
"26331","CENTRO FED.EDUCACAO TECNOLOGICA S.VICENTE SUL","26000"
"26332","ESCOLA AGROTECNICA FEDERAL DE SATUBA","26000"
"26333","ESCOLA AGROTECNICA FEDERAL DE SERTAO","26000"
"26334","ESCOLA AGROTECNICA FEDERAL DE SOUSA","26000"
"26335","CENTRO FEDERAL DE EDUC TECNOLOGICA DE UBERABA","26000"
"26336","ESCOLA AGROTECNICA FEDERAL DE UBERLANDIA","26000"
"26337","CENTRO FEDERAL DE EDUC. TECNOLOGICA DE URUTAI","26000"
"26338","ESCOLA AGROTECNICA FEDERAL DE VIT.DE S.ANTAO","26000"
"26339","ESCOLA AGROTECNICA FEDERAL DE S.G.CACHOEIRA","26000"
"26340","ESCOLA AGROTECNICA FEDERAL DE SOMBRIO","26000"
"26341","ESCOLA AGROTECNICA FEDERAL DE CERES","26000"
"26342","ESCOLA AGROTECNICA FEDERAL DE COLOR. DO OESTE","26000"
"26343","ESCOLA AGROTECNICA FEDERAL DE CODO","26000"
"26344","ESCOLA AGROTECNICA FEDERAL DE GUANAMBI","26000"
"26345","ESCOLA AGROTECNICA FEDERAL DE RIO DO SUL","26000"
"26346","ESCOLA AGROTECNICA FEDERAL DE SANTA INES","26000"
"26347","ESCOLA AGROTECNICA FED. DO SENHOR DO BOMFIM","26000"
"26350","FUNDACAO UNIVERSIDADE FED. DA GRANDE DOURADOS","26000"
"26351","UNIVERSIDADE FEDERAL DO RECONCAVO DA BAHIA","26000"
"26352","FUNDACAO UNIVERSIDADE FEDERAL DO ABC","26000"
"26353","ESCOLA TECNICA FEDERAL DE BRASILIA","26000"
"26354","ESCOLA TECNICA FEDERAL DO AMAPA","26354"
"26355","ESCOLA TECNICA FEDERAL DO MATO GROSSO DO SUL","26355"
"26356","INSTITUTO FED. ED. CIENCIA E TEC. DE BRASILIA","26356"
"26357","ESCOLA TECNICA FEDERAL DE CANOAS","26357"
"26402","INST.FED.DE EDUC.,CIENC.E TEC.DE ALAGOAS","26402"
"26403","INST.FED.DE EDUC.,CIENC.E TEC.DO AMAZONAS","26403"
"26404","INST.FED.DE EDUC.,CIENC.E TEC.BAIANO","26000"
"26405","INST.FED.DE EDUC.,CIENC.E TEC.DO CEARA","26000"
"26406","INST.FED.DE EDUC.,CIENC.E TEC.DO ESP.SANTO","26000"
"26407","INST.FED.DE EDUC.,CIENC.E TEC.GOIANO","26407"
"26408","INST.FED.DE EDUC.,CIENC.E TEC.DO MARANHAO","26408"
"26409","INST.FED.DE EDUC.,CIENC.E TEC.DE MINAS GERAIS","26409"
"26410","INST.FED.DE EDUC.,CIENC.E TEC.DO NORTE DE MG","26410"
"26411","INST.FED.DE EDUC.,CIENC.E TEC.DO SUDESTE MG","26000"
"26412","INST.FED.DE EDUC.,CIENC.E TEC.DO SUL DE MG","26000"
"26413","INST.FED.DE EDUC.,CIENC.E TEC.DO TRIA.MINEIRO","26000"
"26414","INST.FED.DE EDUC.,CIENC.E TEC.DO MATO GROSSO","26000"
"26415","INST.FED.DE EDUC.,CIENC.E TEC.DO MAT.G.DO SUL","26415"
"26416","INST.FED.DE EDUC.,CIENC.E TEC.DO PARA","26416"
"26417","INST.FED.DE EDUC.,CIENC.E TEC.DA PARAIBA","26000"
"26418","INST.FED.DE EDUC.,CIENC.E TEC.DE PERNAMBUCO","26418"
"26419","INST.FED.DE EDUC.,CIENC.E TEC.DO RS","26419"
"26420","INST.FED.DE EDUC.,CIENC.E TEC.FARROUPILHA","26420"
"26421","INST.FED.DE EDUC.,CIENC.E TEC.DE RONDONIA","26000"
"26422","INST.FED.DE EDUC.,CIENC.E TEC.CATARINENSE","26422"
"26423","INST.FED.DE EDUC.,CIENC.E TEC.DE SERGIPE","26000"
"26424","INST.FED.DE EDUC.,CIENC.E TEC.DO TOCANTINS","26424"
"26425","INST.FED.DE EDUC.,CIENC.E TEC.DO ACRE","26425"
"26426","INST.FED.DE EDUC.,CIENC.E TEC.DO AMAPA","26426"
"26427","INST.FED.DE EDUC.,CIENC.E TEC.DA BAHIA","26427"
"26428","INST.FED.DE EDUC.,CIENC.E TEC.DE BRASILIA","26428"
"26429","INST.FED.DE EDUC.,CIENC.E TEC.DE GOIAS","26429"
"26430","INST.FED.DE ED.,CIENC.E TEC.DO S.PERNAMBUCANO","26430"
"26431","INST.FED.DE EDUC.,CIENC.E TEC.DO PIAUI","26431"
"26432","INST. FED. DE EDUC., CIENC. E TEC. DO PARANÁ","26000"
"26433","INST.FED.DE EDUC.,CIENC.E TEC.DO R.DE JANEIRO","26433"
"26434","INST.FED.DE EDUC.,CIENC.E TEC.FLUMINENSE","26434"
"26435","INST.FED.DE EDUC.,CIENC.E TEC.DO RN","26000"
"26436","INST.FED.DE EDUC.,CIE.E TEC.SUL-RIO-GRANDENSE","26000"
"26437","INST.FED.DE EDUC.,CIENC.E TEC.DE RORAIMA","26437"
"26438","instituto federal de educacao,ciencia e tecnologia de santa catarina","26000"
"26439","INST.FED.DE EDUC.,CIENC.E TEC.DE SAO PAULO","26439"
"26440","UNIVERSIDADE FEDERAL DA FRONTEIRA SUL","26000"
"26441","UNIVERSIDADE FEDERAL DO OESTE DO PARÁ","26000"
"26801","SECRETARIA DE EDUCACAO BASICA","26000"
"26802","SUBSECRETARIA DE ASSUNTOS ADMINISTRATIVOS-SAA","26000"
"27201","FUNDACAO HABITACIONAL DO EXERCITO","27201"
"28000","MINISTERIO DO DESENV,IND. E COMERCIO EXTERIOR","28000"
"28500","FUNDO DE GARANTIA P/ PROM. DA COMPETITIVIDADE","28000"
"28501","FUNDO NACIONAL DE DESESTATIZACAO","28000"
"28801","SUBSECRETARIA DE PLANEJ.,ORCAM.E ADM./MDIC","28000"
"28904","FUNDO DE GAR.P/PROMOC.DA COMPETITIVIDADE-FGPC","28000"
"29201","DEPARTAMENTO NACIONAL DE ESTRADAS DE RODAGEM","39000"
"29202","COMPANHIA DE NAVEGACAO DO SAO FRANCISCO","39000"
"29203","EMP. BRAS. DE PLANEJ. E TRANSP.-EM LIQUIDACAO","39000"
"29205","EMPRESA DE TRENS URBANOS DE PORTO ALEGRE S/A","56000"
"29207","SERVICO DE NAVEGACAO DA BACIA DO PRATA S/A","39000"
"29208","COMPANHIA DE PESQUISA DE RECURSOS MINERAIS","32000"
"29209","VALEC-ENGENHARIA, CONSTRUCOES E FERROVIAS S/A","39000"
"29214","COMPANHIA BRASILEIRA DE TRENS URBANOS","56000"
"30000","MINISTERIO DA JUSTICA","30000"
"30108","DEPARTAMENTO DE POLICIA FEDERAL","30000"
"30201","RADIOBRAS - EMP.BRASILEIRA DE COMUNICACAO S/A","20101"
"30202","FUNDACAO NACIONAL DO INDIO","30000"
"30203","INST.NAC. DE METROLOGIA, NORMAL.E QUAL.IND.","28000"
"30204","INSTITUTO NAC. DA PROPRIEDADE INDUSTRIAL","28000"
"30205","FUNDACAO NACIONAL DO INDIO - PATRIM.INDIGENA","30000"
"30211","CONSELHO ADMINISTRATIVO DE DEFESA ECONOMICA","30000"
"30801","DEPARTAMENTO DE POLICIA FEDERAL/MJ","30000"
"30802","DEPARTAMENTO DE POLICIA RODOVIARIA FEDERAL/MJ","30000"
"30803","SUBSECRETARIA DE PLANEJ., ORCAMENTO E ADM./MJ","30000"
"30905","FUNDO DE DEFESA DOS DIREITOS DIFUSOS","30000"
"30907","FUNDO PENITENCIARIO NACIONAL","30000"
"30909","FUNDO P/APAR.E OPERAC.ATIV.FIM.POL.FEDERAL","30000"
"30911","FUNDO NACIONAL DE SEGURANCA PUBLICA","30000"
"30912","FUNDO NACIONAL ANTIDROGAS","30000"
"31280","CAIXA DE CONSTRUCOES DE CASAS P/PESSOAL DA MB","31280"
"32000","MINISTERIO DE MINAS E ENERGIA","32000"
"32201","CENTRO DE PESQUISAS DE ENERGIA ELETRICA","32000"
"32205","AGENCIA NACIONAL DO PETROLEO","32000"
"32210","AGENCIA NACIONAL DE ENERGIA ELETRICA","32000"
"32263","DEPARTAMENTO NACIONAL DE PRODUCAO MINERAL","32000"
"32314","EMPRESA DE PESQUISA ENERGETICA","32314"
"32801","SUBSECRETARIA DE PLANEJ.,ORCAM.E ADM./MME","32000"
"32802","COMPANHIA DE PESQ.DE RECURSOS MINERAIS - CPRM","32000"
"32991","RESERVA GLOBAL DE REVERSAO/ELETROBRAS","32991"
"32992","CONTA DE DESENVOLV. ENERGETICO/ELETROBRAS","32992"
"32993","CONTA CONSUMO DE COMBUST. FOSSEIS/ELETROBRAS","32993"
"33000","MINISTERIO DA PREVIDENCIA SOCIAL","33000"
"33206","SUPERINT.NACIONAL DE PREVIDENCIA COMPLEMENTAR","33000"
"33801","SUBSECRETARIA DE PLANEJ.,ORCAM.E ADM./MPS","33000"
"34000","MINISTERIO PUBLICO DA UNIAO","34000"
"34801","MINISTERIO PUBLICO FEDERAL ± MPF","34000"
"34802","MINISTERIO PUBLICO DO TRABALHO - MPT","34000"
"34902","FUNDO NACIONAL DE CULTURA","42000"
"35000","MINISTERIO DAS RELACOES EXTERIORES","35000"
"35201","FUNDACAO ALEXANDRE DE GUSMAO","35000"
"36000","MINISTERIO DA SAUDE","36000"
"36201","FUNDACAO OSWALDO CRUZ","36000"
"36208","HOSPITAL CRISTO REDENTOR S/A","36000"
"36209","HOSPITAL FEMINA S/A","36000"
"36210","HOSPITAL NOSSA SENHORA DA CONCEICAO S/A","36000"
"36211","FUNDACAO NACIONAL DE SAUDE","36000"
"36212","AGENCIA NACIONAL DE VIGILANCIA SANITARIA","36000"
"36213","AGENCIA NACIONAL DE SAUDE SUPLEMENTAR","36000"
"37000","MINIST. DO TRABALHO E DA PREVIDENCIA SOCIAL","37000"
"37201","FUND.JORGE D.FIGUEIREDO DE SEG.E MED DO TRAB.","38000"
"37202","INSTITUTO NACIONAL DO SEGURO SOCIAL","33000"
"38000","MINISTERIO DO TRABALHO E EMPREGO","38000"
"38299","REDE FERROVIARIA FEDERAL S/A","39000"
"38500","NÃO INFORMADO","38500"
"38505","NÃO INFORMADO","38505"
"38518","NÃO INFORMADO","38518"
"38801","SUBSECRETARIA DE PLANEJ.,ORCAM.E ADM/MTE","38000"
"38802","SECRET.DE POLITICAS PUBLICAS DE EMPREGO-SPPE","38000"
"38803","DELEGACIA REGIONAL DO TRABALHO/SAO PAULO/MTE","38000"
"38901","FUNDO DE AMPARO AO TRABALHADOR","38000"
"39000","MINISTERIO DOS TRANSPORTES","39000"
"39250","AGENCIA NACIONAL DE TRANSPORTES TERRESTRES","39000"
"39251","AGENCIA NACIONAL DE TRANSPORTES AQUAVIARIOS","39000"
"39252","DEPTO. NAC. DE INFRA-ESTRUTURA DE TRANSPORTES","39000"
"39801","SUBSECRETARIA DE ASSUNTOS ADMINISTRATIVOS/MT","39000"
"39802","SUBSECRETARIA DE PLANEJAMENTO E ORCAMENTO/MT","39000"
"39811","COMPANHIA DOCAS DO RIO DE JANEIRO","20101"
"39812","COMPANHIA DOCAS DO ESTADO DA BAHIA","20101"
"39813","COMPANHIA DOCAS DO CEARá","20101"
"39814","COMPANHIA DOCAS DO PARA - CDP","20101"
"39815","COMPANHIA DOCAS DO RIO GRANDE DO NORTE-CODERN","20101"
"39816","COMPANHIA DOCAS DO ESTADO DE SAO PAULO","20101"
"39817","COMPANHIA DOCAS DO ESPIRITO SANTO","20101"
"41000","MINISTERIO DAS COMUNICACOES","41000"
"41231","AGENCIA NACIONAL DE TELECOMUNICACOES","41231"
"41232","FUNDO DE UNIVERS.DOS SERV. DE TELECOMUNICOES","41231"
"41233","FUNDO DE FISCALIZACAO DAS TELECOMUNICACOES","41231"
"41801","SUBSECRETARIA DE PLANEJ.,ORCAM.E ADM./MC","41000"
"41903","FUNDO P/ O DESENVOLV.TEC.DAS TELECOMUNICACOES","41000"
"42000","MINISTERIO DA CULTURA","42000"
"42207","INSTITUTO BRASILEIRO DE MUSEUS","42000"
"42801","DIRETORIA DE GESTAO INTERNA/MINC","42000"
"44000","MINISTERIO DO MEIO AMBIENTE","44000"
"44204","FUNDO NACIONAL DO MEIO AMBIENTE","44000"
"44205","AGENCIA NACIONAL DE AGUAS","44000"
"44206","INSTITUTO DE PESQUISAS JARDIM BOTANICO DO RJ","44000"
"44207","INST.CHICO MENDES DE CONSER.DA BIODIVERSIDADE","44000"
"44208","SERVICO FLORESTAL BRASILEIRO","44000"
"44801","SUBSECRETARIA DE PLANEJ.,ORCAM.E ADM./MMA","44000"
"44902","FUNDO NACIONAL SOBRE MUDANÇA DO CLIMA","44000"
"45282","BANCO NACIONAL DE DESENV. ECONOMICO E SOCIAL","28000"
"45283","INSTITUTO DE RESSEGUROS DO BRASIL","25000"
"49000","MINISTERIO DO DESENVOLVIMENTO AGRARIO","49000"
"49001","FUNDO TERRAS E DA REF.AGRARIA-BANCO DA TERRA","49000"
"49280","EMPRESA BRASILEIRA DE CORREIOS E TELEGRAFOS","41000"
"49901","FUNDO DA MARINHA MERCANTE","39000"
"50000","GAB.DO MINISTRO EXTRAORD.DE PROJ.ESPECIAIS","20116"
"51000","MINISTERIO DO ESPORTE","51000"
"51801","SECRETARIA DE PLANEJ.,ORCAM.E ADM.±SPOA/ME","51000"
"52000","MINISTERIO DA DEFESA","52000"
"52001","FUNDO DO MINISTERIO DA DEFESA","52000"
"52002","FUNDO DE ADMINISTRACAO DO HFA","52000"
"52003","FUNDO DO SERVICO MILITAR","52000"
"52111","COMANDO DA AERONAUTICA","52111"
"52121","COMANDO DO EXERCITO","52121"
"52131","COMANDO DA MARINHA","52131"
"52132","COMANDO DA MARINHA - FUNDO NAVAL","52131"
"52133","COM.MARINHA - FUNDO DESENV.ENS.PROF.MARITIMO","52131"
"52201","AGENCIA NACIONAL DE AVIACAO CIVIL","52201"
"52211","CAIXA DE FINANC. IMOBILIARIO DA AERONAUTICA","52111"
"52212","EMPRESA BRAS.DE INFRA-ESTRUTURA AEROPORTUARIA","52000"
"52221","INDUSTRIA DE MATERIAL BELICO DO BRASIL","52121"
"52222","FUNDACAO OSORIO","52121"
"52231","EMPRESA GERENCIAL DE PROJETOS NAVAIS","52131"
"52801","SECRETARIA DE ORGANIZACAO INSTITUCIONAL","52000"
"52904","FUNDO DO EXERCITO","52121"
"52911","FUNDO AERONAUTICO","52111"
"52912","FUNDO AEROVIARIO","52201"
"53000","MINISTERIO DA INTEGRACAO NACIONAL","53000"
"53202","SUPERINTEND. DO DESENVOLVIMENTO DA AMAZONIA","53202"
"53203","SUPERINTENDENCIA DO DESENVOLV. DO NORDESTE","53000"
"53204","FUNDO DE DESENVOLVIMENTO DA AMAZONIA","53202"
"53205","AGENCIA DE DESENVOLVIMENTO DA AMAZONIA","53000"
"53206","AGENCIA DE DESENVOLVIMENTO DO NORDESTE","53000"
"53207","SUPERINT. DE DESENVOLVIMENTO DO CENTRO-OESTE","53000"
"53208","FUNDO CONST. DE FINANCIAMENTO DO NORTE","53000"
"53209","FUNDO CONST.DE FINANCIAMENTO DO CENTRO-OESTE","53000"
"53210","FUNDO CONST.DE FINANCIAMENTO DO NORDESTE","53000"
"53297","SUPERINT. DO DESENVOLVIMENTO DO CENTRO-OESTE","53000"
"53801","DEPARTAMENTO DE GESTAO INTERNA/MI","53000"
"53802","DEPARTAMENTO GESTAO DOS FUNDOS DE INVESTIMENT","53000"
"53901","FUNDO CONSTITUCIONAL DE FINANCIAM.DO NORTE","53000"
"53902","FUNDO CONSTITUCIONAL DE FINAN.DO CENTRO OESTE","53000"
"53903","FUNDO CONSTITUCIONAL DE FINANCIAM.DO NORDESTE","53000"
"53905","FUNDO DE DESENVOLVIMENTO DO NORDESTE","53000"
"54000","MINISTERIO DO TURISMO","54000"
"54801","SUBSECRETARIA DE PLANEJ.,ORCAM.E ADM./MTUR","54000"
"54901","FUNDO GERAL DE TURISMO-FUNGETUR/METUR","54000"
"55000","MINISTERIO DO DESENV. SOCIAL E COMBATE A FOME","55000"
"55001","FUNDO NACIONAL DA ASSISTENCIA SOCIAL","55000"
"55801","SPOA/MDS E COMBATE A FOME","55000"
"56000","MINISTERIO DAS CIDADES","56000"
"56801","SUBSECRETARIA DE PLANEJ.,ORCAM.E ADM./MICI","56000"
"56901","FUNDO NAC. DE SEGUR. E EDUCACAO DO TRANSITO","56000"
"56902","FUNDO NACIONAL DE HAB. INTERESSE SOCIAL","56000"
"57280","EMPRESA DE PROC.DE DADOS DA PREVID.SOCIAL","33000"
"58000","MINISTÉRIO DA PESCA E AQUICULTURA","58000"
"71902","FUNDO SOBERANO DO BRASIL","71902"
"80000","ENTIDADES EM EXTINC.,DISSOL.OU PRIV.L.8029/90","80000"
"80201","SUPERINTEND.DO DESENV.DA REGIAO CENTRO-OESTE","20113"
"80202","SUPERINTENDENCIA DO DESENV.DA REGIAO SUL-EXT.","20113"
"80203","DEPARTAMENTO NACIONAL DE OBRAS DE SANEAMENTO","22000"
"80204","INSTITUTO DO ACUCAR E DO ALCOOL","20113"
"80208","EMPRESA DE PORTOS DO BRASIL S/A-EM EXTINCAO","20113"
"80210","EMPRESA BRAS.DE ASSISTENCIA TEC.E EXT.RURAL","22000"
"90000","RESERVA DE CONTINGENCIA","25000"
"91000","ENTIDADES QUE UTILIZAM CONTA UNICA - TCT","91000"
"91001","GOVERNO DO DISTRITO FEDERAL - DAR","91001"
"91002","PREFEITURA DE SAO LUIS - DAR","91002"
"91010","ESTATAIS DO MINISTERIO DA FAZENDA","25000"
"91080","ESTATAIS DO MINISTERIO DAS MINAS E ENERGIA","32000"
"91081","EMPRESAS DE ENERGIA","32000"
"91082","EMPRESAS DE TELECOMUNICACOES","41000"
"91083","CVRD - HOLDING","32000"
"91084","PETROBRAS - HOLDING","32000"
"91090","ESTATAIS DO MINISTERIO DOS TRANSPORTES","39000"
"91100","JUSTICAS ESTADUAIS - PROCESSOS JUDICIAIS","91100"
"91800","ORGANIZACOES SOCIAIS","91800"
"91900","EMPRESA PRIVADA","91900"
"92001","MUNICIPIO DE GOIANESIA","92001"
"93000","REGIAO NORTE","93000"
"93120","ESTADO DO ACRE","93000"
"93220","ESTADO DO AMAPA","93000"
"93320","ESTADO DO AMAZONAS","93000"
"93420","ESTADO DO PARA","93000"
"93520","ESTADO DE RONDONIA","93000"
"93620","ESTADO DE RORAIMA","93000"
"93720","ESTADO DE TOCANTINS","93000"
"94000","REGIAO NORDESTE","94000"
"94120","ESTADO DO MARANHAO","94000"
"94220","ESTADO DO PIAUI","94000"
"94320","ESTADO DO CEARA","94000"
"94420","ESTADO DO RIO GRANDE DO NORTE","94000"
"94520","ESTADO DA PARAIBA","94000"
"94620","ESTADO DE PERNAMBUCO","94000"
"94720","ESTADO DAS ALAGOAS","94000"
"94820","ESTADO DE SERGIPE","94000"
"94920","ESTADO DA BAHIA","94000"
"95000","REGIAO SUDESTE","95000"
"95120","ESTADO DE MINAS GERAIS","95000"
"95220","ESTADO DO ESPIRITO SANTO","95000"
"95320","ESTADO DO RIO DE JANEIRO","95000"
"95420","ESTADO DE SAO PAULO","95000"
"96000","REGIAO SUL","96000"
"96120","ESTADO DO PARANA","96000"
"96220","ESTADO DE SANTA CATARINA","96000"
"96320","ESTADO DO RIO GRANDE DO SUL","96000"
"97000","REGIAO CENTRO-OESTE","97000"
"97120","ESTADO DO MATO GROSSO DO SUL","97000"
"97220","ESTADO DO MATO GROSSO","97000"
"97320","ESTADO DE GOIAS","97000"
"97400","DISTRITO FEDERAL","97000"
"99900","REPUBLICA FEDERATIVA DO BRASIL","99900"
